<?xml version="1.0" encoding="UTF-8" standalone="yes"?>
<addon id="plugin.video.nest" version="1.0.1" name="Nest" provider-name="Pischkou">
	<requires>
		<import addon="xbmc.python" version="2.19.0" />
        <import addon="repository.pischkou" version="1.0.1"/>
		<import addon="script.module.nest" />
		<import addon="script.nest.artwork" version="1.0.0" />
		<import addon="script.nest.metadata" version="1.0.0" />
		<import addon="script.module.requests" />
		<import addon="script.module.metahandler" version="3.0.2" />
		<import addon="script.module.urlresolver" />
		<import addon="script.module.beautifulsoup4" />
		<import addon="script.module.resolveurl" />
	</requires>
	<extension point="xbmc.python.pluginsource" library="nest.py">
		<provides>video</provides>
	</extension>
	<extension point="xbmc.service" library="service.py" start="startup" />
	<extension point="xbmc.addon.metadata">
		<summary lang="en">Nest</summary>
		<description lang="en">
			The [B]Nest Movies and TV Shows[/B] addon allows users to watch content extracted from web sources. The author does not host any of the content in this addon and takes no responsibility for content found. This addon is oriented for simple use, so debrid support have been removed, only fonts avaiable for any user are provided.
			ATTENTION: It is advice the users to use the GoogleDNS or OpenDNS when using this addon, the use of a VPN is also adviced.
		</description>
		<description lang="pt">
			O [B]Nest Filmes e Séries[/B] addon permite aos utilizadores ver conteudo extraido de páginas web. O autor não hospeda nenhum do conteúdo apresentado neste addon e não assume qualquer responsabilidade por isso. Este addon é orientado para um uso simples, por isso o suporte a fontes debrid foi removido, apena fontes disponíveis para qualquer utilizador são fornecidas.
			ATENÇÃO: Os utilizadores são aconselhados a utilizar o GoogleDNS ou OpenDNS quando estiverem a utilizar o addon, o uso de uma VPN também é aconselhado.
		</description>
		<platform>all</platform>
		<license>GNU GENERAL PUBLIC LICENSE. Version 3, 29 June 2007</license>
		<forum></forum>
		<website></website>
		<source></source>
		<disclaimer lang="en">The author of this addon do not host any of the content which is found and have no affiliation with any of the content providers. This addon simply searches websites for content. Use at your own risk!</disclaimer>
		<assets>
			<icon>icon.png</icon>
			<fanart>fanart.jpg</fanart>
    			<screenshot>resources/screenshots/screenshot-01.jpg</screenshot>
    			<screenshot>resources/screenshots/screenshot-02.jpg</screenshot>
    			<screenshot>resources/screenshots/screenshot-03.jpg</screenshot>
		</assets>
		<news></news>
	</extension>
</addon>
