<?xml version="1.0" encoding="UTF-8" standalone="yes"?>
<addon id="repository.pischkou" name="Pischkou Repository" version="0.0.1" provider-name="Pischkou">
	<extension point="xbmc.addon.repository" name="Pischkou">
		<dir>
			<info compressed="false">https://raw.githubusercontent.com/Pischkou/repository.pischkou/master/addons.xml</info>
			<checksum>https://raw.githubusercontent.com/Pischkou/repository.pischkou/master/addons.xml.md5</checksum>
			<datadir zip="true">https://raw.githubusercontent.com/Pischkou/repository.pischkou/master/zips/</datadir>		
		</dir>
	</extension>
	<extension point="xbmc.addon.metadata">
		<summary lang="en"></summary>
		<description lang="en">The Official Repository of Pischkou</description>
		<genre>movies,pt</genre>
	</extension>
</addon>