<?xml version="1.0" encoding="UTF-8" standalone="yes"?>
<addon id="repository.pischkou" name="Pischkou Repository" version="1.0.1" provider-name="Pischkou">
	<extension point="xbmc.addon.repository" name="Pischkou">
		<!-- MAIN REPOSITORY -->
		<dir>
			<info compressed="false">https://raw.githubusercontent.com/Pischkou/Kodi.Repository.Pischkou/master/pischkou-addons.xml</info>
			<checksum>https://raw.githubusercontent.com/Pischkou/Kodi.Repository.Pischkou/master/pischkou-addons.xml.md5</checksum>
			<datadir zip="true">https://raw.githubusercontent.com/Pischkou/Kodi.Repository.Pischkou/master/zips/</datadir>		
		</dir>
		<!-- TO GET RESOLVERURL -->
		<dir>
			<info compressed="false">https://raw.githubusercontent.com/jsergio123/zips/master/addons.xml</info>
			<checksum>https://raw.githubusercontent.com/jsergio123/zips/master/addons.xml.md5</checksum>
			<datadir zip="true">https://raw.githubusercontent.com/jsergio123/zips/master/</datadir>
		</dir>
		<!-- TO GET METAHANDLER -->
		<dir>
			<info compressed="false">https://raw.githubusercontent.com/MrBlamo420/Project/master/zips/addons.xml</info>
			<checksum>https://raw.githubusercontent.com/MrBlamo420/Project/master/zips/addons.xml.md5</checksum>
			<datadir zip="true">https://raw.githubusercontent.com/MrBlamo420/Project/master/zips/</datadir>
			<hashes>false</hashes>
		</dir>
		<!-- TO GET URLRESOLVER -->
		<dir>
			<info compressed="false">https://raw.githubusercontent.com/totalrevolution/python-koding/master/zips/addons.xml</info>
			<checksum>https://raw.githubusercontent.com/totalrevolution/python-koding/master/zips/addons.xml.md5</checksum>
			<datadir zip="true">https://raw.githubusercontent.com/totalrevolution/python-koding/master/zips/</datadir>
		</dir>
	</extension>
	<extension point="xbmc.addon.metadata">
		<summary lang="en"></summary>
		<description lang="en">The Official Repository of Pischkou</description>
		<description lang="pt">Repositório Oficial do Pischkou</description>
		<genre>movies,pt</genre>
	</extension>
</addon>