<?xml version="1.0" encoding="UTF-8" standalone="yes"?>
<addon id="repository.pischkou" name="Pischkou Repository" version="1.0.6" provider-name="Pischkou">
	<extension point="xbmc.addon.repository" name="Pischkou">
		<!-- MAIN REPOSITORY -->
		<dir>
			<info compressed="false">https://raw.githubusercontent.com/Pischkou/Kodi.Repository.Pischkou/master/pischkou-addons.xml</info>
			<checksum>https://raw.githubusercontent.com/Pischkou/Kodi.Repository.Pischkou/master/pischkou-addons.xml.md5</checksum>
			<datadir zip="true">https://raw.githubusercontent.com/Pischkou/Kodi.Repository.Pischkou/master/zips/</datadir>		
		</dir>
		<!-- PLEX KODI CONNECT REPOSITORY -->
		<dir>
			<info compressed="false">https://raw.githubusercontent.com/croneter/binary_repo/master/stable/addons.xml</info>
			<checksum>https://raw.githubusercontent.com/croneter/binary_repo/master/stable/addons.xml.md5</checksum>
			<datadir zip="true">https://raw.githubusercontent.com/croneter/binary_repo/master/stable/</datadir>
		</dir>
		<!-- MR PIRACY REPOSITORY -->
		<dir>
			<info compressed="false">http://raw.github.com/mrpiracyPT/repository.mrpiracy/master/addons.xml</info>
			<checksum>http://raw.github.com/mrpiracyPT/repository.mrpiracy/master/addons.xml.md5</checksum>
			<datadir zip="true">http://raw.github.com/mrpiracyPT/repository.mrpiracy/master/repo/</datadir>		
		</dir>
	</extension>
	<extension point="xbmc.addon.metadata">
		<summary lang="en"></summary>
		<description lang="en">The Official Repository of Pischkou</description>
		<description lang="pt">Repositório Oficial do Pischkou</description>
		<genre>movies,pt</genre>
	</extension>
</addon>